CD8_EM,FXYD2,CD8B,TRBV3-1,CD8A,TRBV9,TRAV12-1,TRAV14DV4,TRGV2,ZNF80,DBN1,PHLDA2,ITM2C,IGFBP3,ZNF683,CD3D,LAG3,TRGV3,CD3G,TNFSF9,CD27,KLRC4,VIM,CAPG,SIT1,CCL5,YBX3,CD70,PELO,HLA-DQA2,CD3E,IL32,SPRY1,CRTAM,SMIM3,IER3,TUBB2A,GPR25,CSF1,TOB1,KCNA3,CD52,ATF3,FOSB,PTMS,RGS16,S100A10,LMNA,ENO2,CXCR3,PDCD1,XCL1,TRAC,LIME1,TRGC2,RPS21,LGALS1,ITGA1,GABARAPL1,NCF1,GPR183,DNAJB1,SORBS3,RPS12,S100A4,HSPA1A,HSPA1B,GZMH,ODC1,PERP,LYAR,,,,,,,,,,,,,,,,,,,,,,,,,,,,,,,,,,,,,,,,,,,,,,,,,,,,,,,,,,,,,,,,,,,,,,,,,,,,,,,,,,,,,,,,,,,,,,,,,,,,,,,,,,,,,,,,,,,,,,,,,,,,,,,,,,,,,,,,,,,,,,,,,,,,,,,,,,,,,,,,,,,,,,,,,,,,,,,,,,,,,,,,,,,,,,,,,,,,,,,,,,,,,,,,,,,,,,,,,,,,,,,,,,,,,,,,,,,,,,,,,,,,,,,,,,,,,,,,,,,,,,,,,,,,,,,,,,,,,,,,,,,,,,,,,,,,,,,,,,,,,,,,,,,,,,,,,,,,,,,,,,,,,,,,,,,,,,,,,,,
ILC,TNFSF11,KIT,AREG,FXYD7,SOX4,XCL1,TNFRSF18,SELL,AFF3,TNFRSF4,TRDC,XCL2,FCER1G,IFITM3,MAFF,KLRB1,TYROBP,IFITM2,FXYD5,TCF7,MPG,KLRC1,RPL41,IL18R1,NFKBIA,CD7,MAP3K8,TXK,CTSW,RUNX2,FOS,RPS23,FAM177A1,IL7R,BHLHE40,RPS27A,GNLY,RPS24,RPS13,RPL10,RPL32,RPL35A,RPL34,NR4A1,RPS26,RPL7,RPS14,REL,RPL19,RPS8,RPS3A,TNFAIP3,SEC11A,RPL8,RPL11,RPLP0,,,,,,,,,,,,,,,,,,,,,,,,,,,,,,,,,,,,,,,,,,,,,,,,,,,,,,,,,,,,,,,,,,,,,,,,,,,,,,,,,,,,,,,,,,,,,,,,,,,,,,,,,,,,,,,,,,,,,,,,,,,,,,,,,,,,,,,,,,,,,,,,,,,,,,,,,,,,,,,,,,,,,,,,,,,,,,,,,,,,,,,,,,,,,,,,,,,,,,,,,,,,,,,,,,,,,,,,,,,,,,,,,,,,,,,,,,,,,,,,,,,,,,,,,,,,,,,,,,,,,,,,,,,,,,,,,,,,,,,,,,,,,,,,,,,,,,,,,,,,,,,,,,,,,,,,,,,,,,,,,,,,,,,,,,,,,,,,,,,,,,,,,,,,,,,,,
NK_CD11d,ITGAD,KIR3DX1,KLRC3,CHSY3,OPHN1,LINGO2,ITGAX,FCGR3A,SPON2,NKG7,ENC1,CD247,TRDC,KLRD1,FAM49A,LYN,CTBP2,SETBP1,LILRB1,FGR,PIK3AP1,ADGRG1,KLRC2,CX3CR1,FCRL6,SH2D1B,ZEB2,PDGFD,OSBPL5,S1PR5,FGFBP2,GZMH,CMC1,CD244,DTHD1,RAP1GAP2,CD38,TTC38,PLEK,NR4A2,NCAM1,ITGAM,GZMA,PTPN6,ABI3,TYROBP,CCL3,GK5,GTF3C1,GNPTAB,YES1,TOX,CST7,RNASEK,PLAC8,ITPRIP,C1orf21,STARD3NL,LAG3,MT-ATP8,LYST,SERTAD1,DGKD,HOPX,LITAF,RAB29,HAVCR2,LINC00861,CEP78,RHOC,ARPC5L,MTSS1,C12orf75,IL2RB,RASSF1,NCALD,ACTB,EOMES,FAM49B,SLC9A3R1,TIGIT,CTSW,ITGB2,ZAP70,PRF1,MAPRE2,HSH2D,EIF3G,MOB4,PTPN12,SEC14L1,PFN1,DDX3Y,PYHIN1,SYNE1,GNLY,CD300A,DENND2D,TFDP2,FLNA,MVD,PTGDR,NCR3,IL2RG,CYBA,CTSC,SPN,MCTP2,ARHGAP9,CTSD,ARPC1B,APMAP,TRG-AS1,PTPRC,PRKACB,LIMD2,TNFRSF1B,JAZF1,GSTP1,ADD3,ARL6IP1,PRKCB,SLC44A2,INSIG1,PTPN4,IRF1,PSMB10,SASH3,GNG2,MYL12A,,,,,,,,,,,,,,,,,,,,,,,,,,,,,,,,,,,,,,,,,,,,,,,,,,,,,,,,,,,,,,,,,,,,,,,,,,,,,,,,,,,,,,,,,,,,,,,,,,,,,,,,,,,,,,,,,,,,,,,,,,,,,,,,,,,,,,,,,,,,,,,,,,,,,,,,,,,,,,,,,,,,,,,,,,,,,,,,,,,,,,,,,,,,,,,,,,,,,,,,,,,,,,,,,,,,,,,,,,,,,,,,,,,,,,,,,,,,,,,,,,,,,,,,,,,,,,,,,,,,,,,,,,,,,,,,,,,,,,,
MAIT,TRBV6-2,SLC4A10,TRAV1-2,KLRB1,IL7R,CCR6,SATB1,GZMK,IFNGR1,EGR1,TRGV9,DUSP2,CEBPD,MYBL1,ERN1,DPP4,NFKBIZ,CD28,CREM,NFKBIA,DUSP5,KLRG1,PFKFB3,IL18RAP,IL18R1,JUNB,PABPC1,COL6A3,USP36,CD69,DUSP1,LTB,EML4,CXCR6,SH2D1A,SPOCK2,DUSP16,ZBTB16,ZNF331,JAML,RPL31,RPL7,ZFP36,TNFAIP3,G3BP2,PER1,CXCR4,PDCD4,RORA,JUN,GPR65,FYN,RPL21,,,,,,,,,,,,,,,,,,,,,,,,,,,,,,,,,,,,,,,,,,,,,,,,,,,,,,,,,,,,,,,,,,,,,,,,,,,,,,,,,,,,,,,,,,,,,,,,,,,,,,,,,,,,,,,,,,,,,,,,,,,,,,,,,,,,,,,,,,,,,,,,,,,,,,,,,,,,,,,,,,,,,,,,,,,,,,,,,,,,,,,,,,,,,,,,,,,,,,,,,,,,,,,,,,,,,,,,,,,,,,,,,,,,,,,,,,,,,,,,,,,,,,,,,,,,,,,,,,,,,,,,,,,,,,,,,,,,,,,,,,,,,,,,,,,,,,,,,,,,,,,,,,,,,,,,,,,,,,,,,,,,,,,,,,,,,,,,,,,,,,,,,,,,,,,,,,,,
T_reg,FOXP3,TBC1D4,RTKN2,CCR4,IL2RA,CCDC141,TSHZ2,CTLA4,IKZF2,TIAM1,PLCL1,ENTPD1,IL6R,ZC3H12D,GK,TTN,STAM,TNFRSF4,C15orf53,LEF1,PVT1,PHACTR2,LDLRAD4,MAST4,PELI1,DUSP16,SESN3,CSGALNACT1,CD28,PHTF2,SELL,THADA,TMEM154,CD4,SLC12A6,ATXN7L1,BACH1,MAP3K1,ARID5B,TRAF3,CD27,TOX,DGKH,CASK,DIP2B,GPHN,TULP4,ICOS,ABCC1,MIR4435-2HG,TNIK,GLCCI1,SLC9A9,GNAQ,DUSP4,ADK,SGMS1,FOXO1,TAB2,CNST,INPP4B,BCL2,ANTXR2,FOXP1,ZEB1,RUNX1,MAP3K5,VAV3,NCK2,TIGIT,HNRNPLL,ARL15,SLAMF1,DLEU2,DGKA,NSF,WWP1,SNX9,CRTC3,STAT5B,UBASH3B,HIVEP2,UGP2,NCOA3,BATF,TRPS1,RCAN3,FUT8,LTB,PTPRJ,LIMS1,CMTM7,MAML2,MSI2,FTX,IL6ST,MYO5A,TSPAN5,NAMPT,PBXIP1,VPS13B,AFF1,PACS1,CHST11,SERINC5,ZNF831,MED13L,AC016831.7,BIRC3,BCL11B,CORO1B,USP15,TLK1,SMCHD1,ARHGAP15,KAT2B,FBXL17,CAMK2D,CDKAL1,FBXW7,ELMO1,CCDC91,PDE3B,PBX4,USP48,LINGO1,LRBA,CUL3,PAM,CAMK4,BTBD9,SMYD3,CDC14A,RASA1,ARID1B,RAP1A,SKAP1,PAG1,PRDM2,SAMHD1,RASGRP1,MKL1,TCF12,ANKRD44,HERC4,DYRK1A,FOXN3,STAG1,EXOC4,ZNF292,ITK,SMAP2,DPYD,ANKRD11,PCED1B,FAM172A,MYCBP2,LPP,CCM2,ATXN1,EPB41,ZBTB20,TBL1XR1,RERE,PICALM,TBC1D5,,,,,,,,,,,,,,,,,,,,,,,,,,,,,,,,,,,,,,,,,,,,,,,,,,,,,,,,,,,,,,,,,,,,,,,,,,,,,,,,,,,,,,,,,,,,,,,,,,,,,,,,,,,,,,,,,,,,,,,,,,,,,,,,,,,,,,,,,,,,,,,,,,,,,,,,,,,,,,,,,,,,,,,,,,,,,,,,,,,,,,,,,,,,,,,,,,,,,,,,,,,,,,,,,,,,,,,,,,,,,,,,,,,,,,,,,,,,,,,,,,,
CD4_EM/Effector,IL23R,ADAM12,CCL20,PTPN13,PPARG,CPNE7,CD40LG,C15orf53,CCR6,ADAM19,MSC-AS1,CD4,RBPJ,RUNX2,CXCR6,ZNRF1,CTLA4,DPP4,JAML,GADD45G,CTSH,AC058791.1,IL7R,ANKRD28,THEMIS,BATF,ELK3,MGAT5,FKBP5,CLU,FOXO1,DAPK2,PVT1,PBX4,LDLRAD4,MAST4,MAF,CAMK4,RORA-AS1,GALM,TRAT1,TNFRSF25,IGKC,ATXN1,SLAMF1,CASK,INPP4B,RGS1,HNRNPLL,,,,,,,,,,,,,,,,,,,,,,,,,,,,,,,,,,,,,,,,,,,,,,,,,,,,,,,,,,,,,,,,,,,,,,,,,,,,,,,,,,,,,,,,,,,,,,,,,,,,,,,,,,,,,,,,,,,,,,,,,,,,,,,,,,,,,,,,,,,,,,,,,,,,,,,,,,,,,,,,,,,,,,,,,,,,,,,,,,,,,,,,,,,,,,,,,,,,,,,,,,,,,,,,,,,,,,,,,,,,,,,,,,,,,,,,,,,,,,,,,,,,,,,,,,,,,,,,,,,,,,,,,,,,,,,,,,,,,,,,,,,,,,,,,,,,,,,,,,,,,,,,,,,,,,,,,,,,,,,,,,,,,,,,,,,,,,,,,,,,,,,,,,,,,,,,,,,,,,,,
NK_CD16hi,RBPMS2,SIGLEC7,KIR2DL1,MYOM2,CHST2,KIR3DL1,GNLY,FCER1G,LGALS9B,SH2D1B,MLC1,CATSPER1,AKR1C3,PDE6G,CXCR1,PTGDS,PRSS57,TYROBP,FCGR3A,RAMP1,KLRF1,AK5,IGFBP7,TKTL1,SIGLEC9,GPR141,CXCR2,RNF165,NCR1,NKG7,CX3CR1,FGFBP2,KIR2DL3,SPON2,RASSF4,FHL3,GNAL,CMKLR1,CLIC3,KIR3DL2,BOK,LAT2,HAVCR2,PRF1,SYK,CD38,ADAMTS1,CCNJL,GZMB,DAB2,MIR181A2HG,ITGAM,BNC2,PDGFRB,ADGRG1,NMUR1,TTC38,TOR4A,PLEK,CXXC5,LAIR2,OSBPL5,TXK,TM6SF1,HSH2D,SLCO4C1,PRSS23,S1PR5,FGR,LYN,ASCL2,CCL3,LINGO2,CTBP2,MTSS1,PPM1L,FES,KIR2DL4,CD300A,IRF8,ERBB2,NCAM1,PLAC8,ITGAX,GOLGA8N,KLRD1,GK5,NRROS,PTPN12,GFOD1,PLOD1,CEP78,TMIGD2,FCGR2B,THEMIS2,NCR3,NEIL1,COLQ,MMP23B,LINC00299,RHOBTB3,CST7,CCDC28B,RAP1GAP2,CTSW,C1orf21,GSAP,IL18,FEZ1,TRGV7,KIR3DX1,PDZD4,KCTD10,EFHD2,IL2RB,CD247,PLEKHG3,FCRL3,SLC15A4,KIFC3,MIR181A1HG,TBX21,L3MBTL4,ST3GAL4,ADAMTS10,C1orf162,SYNGR1,ST8SIA6,CD244,GNPTAB,ATP8B4,MCTP2,LPCAT1,CD79B,UBE2F,PTGDR,SSX2IP,CASP10,CCL4,CD7,SBK1,TRDC,PDGFD,TFDP2,TMEM241,MIR646HG,GZMA,ADGRG5,B3GNT7,PITPNM2,GSN,YES1,AREG,RGS3,APMAP,ITGB2,HIPK2,LAIR1,ICAM2,PRR5L,CHI3L2,PXN,CD160,PAFAH2,FAM49A,G6PD,GRASP,APOBR,TNFAIP8L2,ABI3,TMED1,RCN1,FCRL6,ZEB2,GSTM2,TSPAN32,MAPK7,FGL2,LGR6,KLRB1,TPST2,PIK3AP1,GZMM,SLC27A3,TBXAS1,ENPP4,ZNF595,GNGT2,IL18RAP,FAM53B,C11orf21,ABHD17A,TRGC1,COL6A2,TGFBR3,PALLD,LITAF,VCL,AXIN1,FUT11,LPAR5,ENC1,FASLG,C15orf39,FBXO6,USP28,SPN,TLE1,AKAP5,TNFRSF18,GAS7,SNX18,BPGM,TSPAN2,PLEKHF1,IFITM2,CD72,MLLT11,TES,LILRB1,MAP3K8,DENND3,CYBA,SAMD3,MATK,LATS2,STK26,ZNF600,DTX3,ARRB1,SUSD1,METRNL,ADAM8,ITPRIP,STARD3NL,FLNA,CEBPD,CTSC,PTPRE,AGTRAP,RIN3,ZBTB16,RAB29,SYNE1,SH3BP5,SASH3,GSTP1,PHLDB2,S1PR1,PYHIN1,RAB24,KLF2,XCL2,HOPX,C1orf174,IFITM1,SELPLG,B4GALT4,DDAH2,SOX4,AGK,ASL,ARPC5L,ZAP70,CISD3,ARHGAP27,WIPI1,SLFN13,ADRB2,TMEM184B,DENND2D,GTF3C1,SLAMF7,SH3BP2,GNG2,MVD,IGF2R,NPRL2,SLC44A2,LINC00861,SYTL1,TRGV9,PFN1,SIPA1,KLRK1,CMC1,CARD16,ANXA4,MAPRE2,ABHD2,SLC16A3,IFITM3,DOCK5,MEX3C,DTHD1,ARL4C,SORL1,LIMD2,RAB27B,SLC9A3R1,COMMD4,KLHDC4,ADCY7,MIB2,UNC119,PILRB,PDLIM1,TNFRSF1A,SETBP1,UCP2,BIN2,SLC25A20,UPP1,PTPN18,BANF1,RRBP1,KLRC1,FAM8A1,SLA2,RABEP2,DOK2,TSPAN3,JAK1,AGPAT4,ITGA5,PSMB10,TOR2A,NCALD,SH2D2A,RAB37,MYBL1,HDDC2,RHBDF2,RAC2,FCMR,CCL4L2,FAM199X,STARD4,KLF3,ATG4D,ATOX1,NDUFB7,AP2A1,DIP2A,PEAK1,GBP4,RHOC,ARAP1,CYB5B,FNDC3B,GALNT3,C17orf49,RNF126,SIRT2,CD2BP2,GPR65,SSBP3,CCDC69,PARP15,PLEKHA1,TMBIM1,EPS15L1,BEX4,GNS,PSAP,SDF4,VAV3,ELF4,CDC42SE1,MT-ND4L,CD164,SNAP29,CDIP1,RPUSD3,ARHGAP9,CYC1,MIEN1,PTPN6,BCL2L1,RPS6KA1,OVCA2,RNF40,PTPN4,PIGS,EOMES,SUN2,NOTCH1,SYT11,TLN1,NT5C,RAB8A,RAP2B,NFKBIB,UNC50,SOCS2,HMGN3,SDF2L1,PTGER2,NPRL3,CIAO1,DBI,RRAS2,SLC39A7,OSTF1,CYB561D2,CDKN2D,YPEL1,IRF2BPL,NDUFV1
CD8_TRM,TNIP3,ITGA1,STYK1,KLRC4-KLRK1,GZMK,THEMIS,CBLB,TPRG1,AOAH,CRTAM,PLEKHG1,MVB12B,ADAMTS17,MCOLN2,CD8B,ARHGAP26,ATXN1,SFMBT2,DTHD1,KIAA0825,PARP8,ST8SIA1,OPRM1,HIP1,ATP8A1,AC016831.7,DZIP3,NELL2,CASK,GTDC1,SMURF2,CD8A,STARD9,RASGRF2,CEP128,ARHGAP35,SCMH1,PDE7A,AKT3,GPR155,AC010894.3,CATSPERB,ABHD15-AS1,NME7,TRPS1,PITPNC1,TC2N,ZNRF2,LRRC37A3,TOX,GPR174,PIP4K2A,NCOA2,LINC00486,RAPGEF2,MTFR1,FAM129A,BTBD9,PPP1R16B,CAMK4,MPP7,SIK3,FCHSD2,CRIM1,ADARB1,SOS1,USP25,TTN,LYST,VWA8,NR3C2,CHST11,SLFN12L,TSPAN5,RABGAP1L,ZNF827,ARL17A,PLCL1,ZBTB20,ABR,FBXL17,MAML2,DYRK1A,PCAT1,SPPL3,LRBA,EXOC6B,EPS15,DLG1,PTPN22,FYN,RFX7,ARAP2,PPP2R2B,RFX3,DENND4A,ZNF609,PLCB1,ARHGEF12,CMIP,ZEB1,SLF1,YBX3,PCED1B,KATNAL1,DENND1B,STXBP5,ARID1B,ARL15,PICALM,SUPT3H,GRAP2,RASA1,NCK2,BCAS3,NEK7,SGMS1,ZFYVE28,ZHX2,TRAPPC9,DAPK2,ITGAE,FAM214A,TBC1D5,MAP3K5,STAG1,CLASP1,PTPRJ,PDCD1,RAD51B,CCNY,ZNF407,MLLT3,SKAP1,TCF12,RNF38,VPS13B,XKR6,FTX,TRG-AS1,CLEC2D,PRIM2,TNKS,SNTB1,DTNB,DGKH,FAM118A,ANKRD44,DOCK2,MED13L,MSH3,PSME4,PLEKHA5,SEL1L3,ANK3,USP9Y,TRERF1,CD96,TBL1XR1,BTRC,EML4,C15orf53,FBXW7,PTBP2,KLF12,ATG7,SYTL2,HERC4,DOCK8,BCL11B,MYO1D,CDKAL1,KIF13B,PCCA,PDE3B,RGS1,CDC42SE2,WNK1,SLC39A11,TRGC2,FAM193A,DISC1,FAM172A,USP24,ULK4,ATF7IP,STRN3,TBC1D2B,ASXL2,JAKMIP1,ZSWIM6,MSI2,PACS1,SAMSN1,FAF1,MTM1,LAG3,GALNT11,SUCLG2,RREB1,PRKCQ,SCFD2,MYO5A,STIM2,SRBD1,ATP11B,KAT6A,MBD5,DENND1A,WDR44,STK39,RAPGEF1,SMYD3,DOCK10,GLCCI1,TLK2,CLIP4,,,,,,,,,,,,,,,,,,,,,,,,,,,,,,,,,,,,,,,,,,,,,,,,,,,,,,,,,,,,,,,,,,,,,,,,,,,,,,,,,,,,,,,,,,,,,,,,,,,,,,,,,,,,,,,,,,,,,,,,,,,,,,,,,,,,,,,,,,,,,,,,,,,,,,,,,,,,,,,,,,,,,,,,,,,,,,,,,,,,,,,,,,,,,,,,
CD4_TRM,HLA-DRB5,COTL1,HLA-DQA1,LGALS3,HLA-DRB1,CXCR3,GADD45G,CAPG,NCF4,CD52,PLP2,ZNF683,DUSP4,HLA-DQB1,HLA-DRA,CXCR6,HBB,HSPA1A,RBPJ,CD40LG,SUSD3,HLA-DPA1,CLU,OASL,TYMP,AC058791.1,FABP5,HSPA1B,JAML,HLA-DPB1,CISH,IFNG,SIT1,ANXA5,TNF,PTTG1,CD2,KDSR,CKLF,CTSB,CD82,JUN,CCDC167,VIM,IL32,TRAC,CD3D,BATF,ALOX5AP,ITGAE,LGALS1,CD74,S100A6,BLOC1S1,,,,,,,,,,,,,,,,,,,,,,,,,,,,,,,,,,,,,,,,,,,,,,,,,,,,,,,,,,,,,,,,,,,,,,,,,,,,,,,,,,,,,,,,,,,,,,,,,,,,,,,,,,,,,,,,,,,,,,,,,,,,,,,,,,,,,,,,,,,,,,,,,,,,,,,,,,,,,,,,,,,,,,,,,,,,,,,,,,,,,,,,,,,,,,,,,,,,,,,,,,,,,,,,,,,,,,,,,,,,,,,,,,,,,,,,,,,,,,,,,,,,,,,,,,,,,,,,,,,,,,,,,,,,,,,,,,,,,,,,,,,,,,,,,,,,,,,,,,,,,,,,,,,,,,,,,,,,,,,,,,,,,,,,,,,,,,,,,,,,,,,,,,,,,,,,,,,
CD4_naive/CM,MAL,CCR7,FAAH2,LEF1,HRH2,EDA,ADAM23,TSHZ2,SELL,TRABD2A,TIAM1,SCML1,LTB,PASK,CD28,CCR4,TCF7,SERINC5,CMTM8,IL6R,TTC39C-AS1,IL7R,INPP4B,CSGALNACT1,SESN3,KCNQ1,NPDC1,BTBD11,TAF4B,AP3M2,ANK3,TNFRSF4,ZC3H12D,TESPA1,PRKCA,BACH2,PGAP1,FXYD7,NELL2,PVT1,THOC3,SOCS3,ACVR2A,SPINT2,GPR183,RNF157,SAMD12,RIC3,FHIT,FRY,FMN1,TNFSF8,MYC,RCAN3,SFMBT1,IL2RA,GNAQ,CD4,SVIL,TBC1D4,NBPF15,RASGRF2,GNA15,TNFRSF25,MAP3K1,TMEM256-PLSCR3,PLCL1,AQP3,CDC14A,DGKA,CCR6,BIRC3,ETV6,CAMK4,IFNGR2,LINC01550,HIVEP2,APP,DOCK9,ARHGAP15,NR3C2,MAML2,DPP4,SGK1,NOSIP,ITGA6,PCAT1,IMMP2L,KDSR,CD40LG,GPHN,CD27,PHACTR2,UST,PAG1,TMEM123,P2RY8,PDE3B,DUSP16,FUT8,RAB3GAP1,ICOS,IL6ST,LDLRAP1,TTC39C,LDHB,MGAT5,PELI1,TRAT1,ADAM19,TNFRSF10A,BCL2,CD5,RPS4Y1,ARHGAP5,ID3,MAP4K4,CASK,MFHAS1,FOXP1,CHD7,DISC1,ABCC1,BCL11B,SH3YL1,FLT3LG,BEX2,THEM4,NCK2,ELK3,LRIG1,SSBP2,MX2,CMSS1,SBF2,PDE8A,ST6GAL1,ATP8B2,ITPKB,TAB2,KLF2,ADK,WWP1,RUNX2,SYNJ2,ECE1,AKT3,EPC2,AFF1,CAMKMT,CD6,XKR6,SOD2,CAMK1D,SGTB,STAT5B,CRTC3,CFAP36,SNX9,TMEM63A,,,,,,,,,,,,,,,,,,,,,,,,,,,,,,,,,,,,,,,,,,,,,,,,,,,,,,,,,,,,,,,,,,,,,,,,,,,,,,,,,,,,,,,,,,,,,,,,,,,,,,,,,,,,,,,,,,,,,,,,,,,,,,,,,,,,,,,,,,,,,,,,,,,,,,,,,,,,,,,,,,,,,,,,,,,,,,,,,,,,,,,,,,,,,,,,,,,,,,,,,,,,,,,,,,,,,,,,,,,,,,,,,,,,,,,,,,,,,,,,,,,,,,,,,
NKT,TRDV2,GNLY,GZMH,FGFBP2,TRGC2,NKG7,TRGV9,KLRG1,CD3D,CST7,TRGC1,CD52,S1PR1,LYAR,S1PR4,IL32,GZMB,RPL21,CCL5,CD3G,RPL34,PRSS23,PRF1,RPL13A,S1PR5,RPS14,RPL7,RPS10,KLF3,RPS3,B2M,RPS12,RPS27A,RPL27A,HLA-C,,,,,,,,,,,,,,,,,,,,,,,,,,,,,,,,,,,,,,,,,,,,,,,,,,,,,,,,,,,,,,,,,,,,,,,,,,,,,,,,,,,,,,,,,,,,,,,,,,,,,,,,,,,,,,,,,,,,,,,,,,,,,,,,,,,,,,,,,,,,,,,,,,,,,,,,,,,,,,,,,,,,,,,,,,,,,,,,,,,,,,,,,,,,,,,,,,,,,,,,,,,,,,,,,,,,,,,,,,,,,,,,,,,,,,,,,,,,,,,,,,,,,,,,,,,,,,,,,,,,,,,,,,,,,,,,,,,,,,,,,,,,,,,,,,,,,,,,,,,,,,,,,,,,,,,,,,,,,,,,,,,,,,,,,,,,,,,,,,,,,,,,,,,,,,,,,,,,,,,,,,,,,,,,,,,,,,
gdT,KLRC2,KRT81,KRT86,CLNK,ZNF683,KIR2DL3,TRDC,KIR2DL4,DAPK2,GOLIM4,XCL1,ITGA1,CCL5,TRG-AS1,CLU,TYROBP,CD63,GNLY,ATP1B1,CARD19,XCL2,AC007952.4,HLA-DRB5,HLA-DQA1,HLA-DPB1,KLRD1,RPS17,APBA2,RPL27A,GGA1,RPL13A,RBPJ,KLRC1,HLA-DRA,CTSW,SLF1,PLA2G16,ID2,CD7,HLA-DPA1,SCML4,RPS29,RGS1,HLA-DQB1,LGALS3,TBCD,RPS20,HOPX,RPL41,HLA-DRB1,CD52,C6orf48,PLP2,RPL7,RPL31,GLUL,EVI2B,RPL21,PTPN22,CD2,ITGB1,MT-ND2,RPL23A,RPS27,,,,,,,,,,,,,,,,,,,,,,,,,,,,,,,,,,,,,,,,,,,,,,,,,,,,,,,,,,,,,,,,,,,,,,,,,,,,,,,,,,,,,,,,,,,,,,,,,,,,,,,,,,,,,,,,,,,,,,,,,,,,,,,,,,,,,,,,,,,,,,,,,,,,,,,,,,,,,,,,,,,,,,,,,,,,,,,,,,,,,,,,,,,,,,,,,,,,,,,,,,,,,,,,,,,,,,,,,,,,,,,,,,,,,,,,,,,,,,,,,,,,,,,,,,,,,,,,,,,,,,,,,,,,,,,,,,,,,,,,,,,,,,,,,,,,,,,,,,,,,,,,,,,,,,,,,,,,,,,,,,,,,,,,,,,,,,,,,,,,,,,,,
NK_CD56bright,ADGRG3,CCL3,AREG,XCL1,SPRY2,B3GNT7,CMC1,TYROBP,CCL4,IRF8,TOX2,XCL2,FCER1G,CD160,LDB2,GZMK,KLRB1,CD7,KLRF1,SLFN13,KIR2DL4,CEBPD,LAT2,NCR1,SYK,IL2RB,TLE1,CCL4L2,SPRY1,ICAM1,NKG7,DUSP2,SRGN,KLRC1,TXK,NR4A2,EOMES,TMIGD2,NCAM1,CLIC3,VPS37B,SH2D1B,MAFF,GSTP1,METRNL,PIK3R1,MAP3K8,H2AFJ,TRDC,FAM177A1,CD38,ZNF331,ZFP36,IFITM1,KLRD1,IFITM2,MCTP2,IFITM3,KDM6B,NFKBIA,TIGIT,MATK,SH2D1A,SOCS1,APMAP,IER2,ERGIC1,TCIRG1,NR4A3,IFNGR1,SLC16A3,SLA2,RBKS,REL,H2AFX,SERTAD1,HSH2D,CST7,GADD45B,ALOX5AP,FOS,YES1,H3F3B,PLCG2,FOSL2,MPG,LITAF,ELL2,EIF3G,S1PR5,PTP4A1,LPCAT1,ZBTB16,CLDND1,CTSW,MAPK1,NFKBIZ,ARHGAP9,OFD1,GABARAPL1,MTRNR2L12,CD69,SH2D2A,SEC14L1,RHOC,NR4A1,TUBB4B,ATP6V0C,MT-CO2,,,,,,,,,,,,,,,,,,,,,,,,,,,,,,,,,,,,,,,,,,,,,,,,,,,,,,,,,,,,,,,,,,,,,,,,,,,,,,,,,,,,,,,,,,,,,,,,,,,,,,,,,,,,,,,,,,,,,,,,,,,,,,,,,,,,,,,,,,,,,,,,,,,,,,,,,,,,,,,,,,,,,,,,,,,,,,,,,,,,,,,,,,,,,,,,,,,,,,,,,,,,,,,,,,,,,,,,,,,,,,,,,,,,,,,,,,,,,,,,,,,,,,,,,,,,,,,,,,,,,,,,,,,,,,,,,,,,,,,,,,,,,,,,,,,,,,,,,,,,
